Player,Team,Pos,Injury,Status,Est. Return
Ty Bevins,George Washington,G,Undisclosed,Game Time Decision,Subscribers Only
Mohamed Binzagr,George Washington,G,Undisclosed,Game Time Decision,Subscribers Only
Evan Dickey,Dayton,G,Undisclosed,Game Time Decision,Subscribers Only
B.J. Edwards,SMU,G,Ankle,Game Time Decision,Subscribers Only
Tyler Hendricks,Utah Valley,G,Undisclosed,Game Time Decision,Subscribers Only
Chris Howell,New Mexico,G,Wrist,Game Time Decision,Subscribers Only
Po'Boigh King,Sam Houston,G,Undisclosed,Game Time Decision,Subscribers Only
Will Lange,St. Joseph's,G,Undisclosed,Game Time Decision,Subscribers Only
Stephon Marbury II,California,G,Undisclosed,Game Time Decision,Subscribers Only
Marqus Marion,Wake Forest,F,Undisclosed,Game Time Decision,Subscribers Only
Kevin Patton,New Mexico,G,Personal,Game Time Decision,Subscribers Only
Steven Solano,St. Joseph's,C,Undisclosed,Game Time Decision,Subscribers Only
Owen Verna,St. Joseph's,G,Undisclosed,Game Time Decision,Subscribers Only
Milos Vicentic,New Mexico,F,Undisclosed,Game Time Decision,Subscribers Only
Corey Washington,SMU,F,Undisclosed,Game Time Decision,Subscribers Only
Antonio Chandler,Siena,F,Not Injury Related,Game Time Decision,Subscribers Only
Taison Chatman,Ohio State,G,Groin,Game Time Decision,Subscribers Only
Shane Frazier,Howard,G,Undisclosed,Out,Subscribers Only
Kevin Gad,St. Mary's (CAL),F,Shoulder,Game Time Decision,Subscribers Only
Winters Grady,Michigan,G,Lower Leg,Game Time Decision,Subscribers Only
Jack Janicki,Wisconsin,G,Wrist,Game Time Decision,Subscribers Only
Karter Knox,Arkansas,F,Knee,Game Time Decision,Subscribers Only
Ivan Matlekovic,North Carolina,F,Hand,Game Time Decision,Subscribers Only
Patrick Ngongba,Duke,C,Foot,Game Time Decision,Subscribers Only
Josh Ojianwuna,Ohio State,F,Knee,Game Time Decision,Subscribers Only
TJ Power,Pennsylvania,F,Illness,Game Time Decision,Subscribers Only
Ethan Roberts,Pennsylvania,F,Concussion,Game Time Decision,Subscribers Only
Ty Rodgers,Illinois,F,Knee,Game Time Decision,Subscribers Only
Theo Seng,Troy,F,Knee,Game Time Decision,Subscribers Only
Xavion Staton,BYU,C,Undisclosed,Game Time Decision,Subscribers Only
Lassina Traore,Texas,F,Knee,Out,Subscribers Only
Jalen Warley,Gonzaga,G,Thigh,Game Time Decision,Subscribers Only
Dylan Williams,Pennsylvania,G,Undisclosed,Game Time Decision,Subscribers Only
Nolan Winter,Wisconsin,F,Ankle,Game Time Decision,Subscribers Only
Blake Anderson,Miami (OH),G,Undisclosed,Out,Subscribers Only
Tyler Bilodeau,UCLA,F,Knee,Game Time Decision,Subscribers Only
Ryan Bolton Jr,Prairie View,F,Undisclosed,Out,Subscribers Only
Keitenn Bristow,Alabama,F,Ankle,Game Time Decision,Subscribers Only
Marcel Bryant,Prairie View,F,Undisclosed,Out,Subscribers Only
Caesar Burrows,Lehigh,G,Undisclosed,Out,Subscribers Only
Silas Demary,Connecticut,G,Ankle,Game Time Decision,Subscribers Only
Davion Hannah,Alabama,G,Undisclosed,Game Time Decision,Subscribers Only
Aden Holloway,Alabama,G,Not Injury Related,Out,Subscribers Only
Xzavion Mitchell,Iowa State,F,Undisclosed,Game Time Decision,Subscribers Only
Bube Momah,Lehigh,F,Undisclosed,Out,Subscribers Only
Kelvin Odih,St. John's,G,Leg,Game Time Decision,Subscribers Only
Jevon Porter,Missouri,F,Lower Leg,Game Time Decision,Subscribers Only
Jayden Quaintance,Kentucky,F,Knee,Game Time Decision,Subscribers Only
Trent Steinour,Clemson,F,Undisclosed,Game Time Decision,Subscribers Only
Jaylin Stewart,Connecticut,F,Knee,Game Time Decision,Subscribers Only
Leshawn Stowers,Miami (OH),G,Undisclosed,Out,Subscribers Only
LeJuan Watts,Texas Tech,F,Undisclosed,Game Time Decision,Subscribers Only
Isaiah Coleman,Oklahoma State,G,Suspension,Out,Subscribers Only
Ladji Dembele,UNLV,F,Undisclosed,Game Time Decision,Subscribers Only
Terrance Ford,Tulsa,G,Arm,Game Time Decision,Subscribers Only
David Green,Tulsa,F,Undisclosed,Out,Subscribers Only
Joy Ighovodja,Wichita State,G,Foot,Out,Subscribers Only
Kaden Metheny,Liberty,G,Undisclosed,Out,Subscribers Only
Vyctorius Miller,Oklahoma State,G,Suspension,Out,Subscribers Only
Anthony Roy,Oklahoma State,G,Suspension,Out,Subscribers Only
Andrija Vukovic,Oklahoma State,F,Undisclosed,Out,Subscribers Only
Gavin Walsh,UNC-Wilmington,F,Knee,Out,Subscribers Only
Braden Huff,Gonzaga,F,Kneecap,Out,Subscribers Only
Mikel Brown,Louisville,G,Back,Out,Subscribers Only
Jaylen Crocker-Johnson,Minnesota,F,Foot,Game Time Decision,Subscribers Only
Jeff Nwankwo,Oklahoma,G,Undisclosed,Game Time Decision,Subscribers Only
Sebastian Rancik,Colorado,F,Concussion,Game Time Decision,Subscribers Only
Nehemiah Turner,Minnesota,F,Undisclosed,Game Time Decision,Subscribers Only
Kristers Skrinda,Stanford,F,Undisclosed,Game Time Decision,Subscribers Only
Tallis Toure,Stanford,C,Lower Body,Game Time Decision,Subscribers Only
Caleb Foster,Duke,G,Foot,Out,Subscribers Only
Oumar Koureissi,Texas Southern,F,Not Injury Related,Out,Subscribers Only
Veniamin Abosi,San Francisco,F,Knee,Game Time Decision,Subscribers Only
Eric Acker,La Salle,G,Transfer Portal,Out,Subscribers Only
Marcus Adams,Arizona State,F,Lower Leg,Out,Subscribers Only
Tommy Ahneman,Notre Dame,C,Knee,Game Time Decision,Subscribers Only
Kyrone Alexander,Boston University,G,Knee,Out For Season,Subscribers Only
Corbin Allen,Kansas,G,Redshirt,Out For Season,Subscribers Only
Marcus Allen,Miami,F,Illness,Out For Season,Subscribers Only
Vasean Allette,Texas-San Antonio,G,Personal,Out For Season,Subscribers Only
Ryan Altman,Pennsylvania,G,Undisclosed,Out,Subscribers Only
Charvez Ambrose,Middle Tennessee St.,G,Undisclosed,Out,Subscribers Only
Kiyan Anthony,Syracuse,G,Undisclosed,Game Time Decision,Subscribers Only
Kalu Anya,Saint Louis,F,Redshirt,Out For Season,Subscribers Only
Jaymien Aponte,Rhode Island,G,Undisclosed,Out,Subscribers Only
Justin Archer,La Salle,F,Shoulder,Game Time Decision,Subscribers Only
Hashem Asadallah,Georgetown,G,Undisclosed,Out,Subscribers Only
Jason Asemota,Boston College,F,Undisclosed,Game Time Decision,Subscribers Only
Hayden Assemian,South Carolina,F,Undisclosed,Game Time Decision,Subscribers Only
Tybo Bailey,East Carolina,G,Undisclosed,Game Time Decision,Subscribers Only
Dawson Baker,BYU,G,Knee,Out For Season,Subscribers Only
Rich Barron,Providence,F,Concussion,Game Time Decision,Subscribers Only
Abdi Bashir,Kansas State,G,Foot,Game Time Decision,Subscribers Only
Anthony Batson,Stanford,G,Undisclosed,Out,Subscribers Only
Bowyn Beatty,La Salle,F,Undisclosed,Game Time Decision,Subscribers Only
Charles Bediako,Alabama,C,Not Injury Related,Out For Season,Subscribers Only
Justin Begg,Sam Houston,G,Undisclosed,Out For Season,Subscribers Only
Matija Belic,Wyoming,F,Ankle,Out,Subscribers Only
Noah Benny,Sam Houston,G,Undisclosed,Out For Season,Subscribers Only
Toni Bilic,Illinois,F,Not Injury Related,Out For Season,Subscribers Only
Annor Boateng,Missouri,G,Leg,Out For Season,Subscribers Only
Juslin Bodo Bodo,Baylor,C,Arm,Out For Season,Subscribers Only
Stanley Borden,Texas-San Antonio,C,Hand,Game Time Decision,Subscribers Only
Julian Bowie,Boise State,G,Personal,Out For Season,Subscribers Only
Kjay Bradley,San Diego,G,Undisclosed,Game Time Decision,Subscribers Only
Rickey Bradley Jr.,VMI,G,Undisclosed,Game Time Decision,Subscribers Only
Wilhelm Breidenbach,Grand Canyon,F,Ankle,Game Time Decision,Subscribers Only
Jerome Brewer,La Salle,F,Lower Leg,Game Time Decision,Subscribers Only
Carlin Briggs,Portland,G,Knee,Game Time Decision,Subscribers Only
James Brown,North Carolina,F,Foot,Out For Season,Subscribers Only
Jameel Brown,Delaware,G,Lower Leg,Out,Subscribers Only
Xavier Brown,South Florida,G,Undisclosed,Out For Season,Subscribers Only
Dorin Buca,Kansas State,C,Undisclosed,Game Time Decision,Subscribers Only
Bhan Buom,Boise State,F,Undisclosed,Out,Subscribers Only
Antwan Burnett,Missouri State,F,Undisclosed,Game Time Decision,Subscribers Only
Henry Burt,Nebraska,F,Knee,Out,Subscribers Only
Markus Burton,Notre Dame,G,Ankle,Game Time Decision,Subscribers Only
Emmanuel Callas,San Diego,G,Undisclosed,Game Time Decision,Subscribers Only
Mouhamed Camara,Louisville,F,Redshirt,Out For Season,Subscribers Only
Devin Ceaser,Maryland-Baltimore County,G,Undisclosed,Out,Subscribers Only
Myles Che,UNLV,G,Foot,Out For Season,Subscribers Only
Jeremiah Cherry,Sacramento State,F,Leg,Out,Subscribers Only
Malcolm Chimezie,Boston University,F,Knee,Out,Subscribers Only
Gai Chol,Mississippi State,C,Knee,Out For Season,Subscribers Only
TJ Clark,Mississippi,G,Not Injury Related,Out For Season,Subscribers Only
Desmond Claude,Washington,G,Ankle,Out For Season,Subscribers Only
Chase Clemmons,Kennesaw State,G,Undisclosed,Out For Season,Subscribers Only
Noah Collier,La Salle,F,Undisclosed,Game Time Decision,Subscribers Only
Zaon Collins,Fresno State,G,Calf,Game Time Decision,Subscribers Only
Frankie Collins,Vanderbilt,G,Knee,Out For Season,Subscribers Only
Andrew Cook,Eastern Washington,G,Ankle,Out For Season,Subscribers Only
Davin Cosby,Kennesaw State,G,Undisclosed,Out For Season,Subscribers Only
Simeon Cottle,Kennesaw State,G,Suspension,Out,Subscribers Only
Pierre Couisnard,Wichita State,G,Redshirt,Out For Season,Subscribers Only
Tanner Cuff,Hawaii,G,Knee,Out For Season,Subscribers Only
Brandin Cummings,Pittsburgh,G,Ankle,Out For Season,Subscribers Only
Joao Das Chagas,UAB,C,Wrist,Game Time Decision,Subscribers Only
Blake Davidson,Clemson,F,Redshirt,Out For Season,Subscribers Only
Amsal Delalic,DePaul,G,Knee,Out For Season,Subscribers Only
Eli DeLaurier,East Carolina,F,Undisclosed,Game Time Decision,Subscribers Only
Ege Demir,Oregon,C,Shoulder,Out For Season,Subscribers Only
Jerry Deng,North Carolina State,F,Redshirt,Out For Season,Subscribers Only
Malick Diallo,TCU,C,Knee,Out For Season,Subscribers Only
Amarion Dickerson,USC,F,Hip,Game Time Decision,Subscribers Only
Daylon Dickerson,Maryland-Baltimore County,F,Undisclosed,Out,Subscribers Only
Aleksa Dimitrijevic,Creighton,C,Redshirt,Out For Season,Subscribers Only
Chudi Dioramma,Arkansas State,F,Ankle,Out,Subscribers Only
David Douglas,Fresno State,G,Knee,Game Time Decision,Subscribers Only
Danilo Dozic,Pepperdine,C,Undisclosed,Game Time Decision,Subscribers Only
Jason Drake,Indiana,G,Toe,Out,Subscribers Only
Reid Ducharme,Siena,F,Shoulder,Out,Subscribers Only
Jason Edwards,Providence,G,Foot,Game Time Decision,Subscribers Only
Sean Elkinton,Louisiana-Lafayette,F,Foot,Out For Season,Subscribers Only
Mason Ellison,Delaware,G,Thumb,Out,Subscribers Only
Godswill Erheriene,Seton Hall,C,Knee,Game Time Decision,Subscribers Only
Ilia Ermakov,St. Bonaventure,G,Ankle,Out,Subscribers Only
Connor Essegian,Nebraska,G,Ankle,Out For Season,Subscribers Only
Baye Fall,Rutgers,C,Hand,Out,Subscribers Only
Parsa Fallah,Oklahoma State,F,Knee,Out For Season,Subscribers Only
Babacar Faye,Utah,F,Leg,Out For Season,Subscribers Only
Jahseem Felton,Seton Hall,G,Knee,Out For Season,Subscribers Only
Christian Fermin,VCU,F,Personal,Out,Subscribers Only
Jason Fontenet,Cal-Santa Barbara,G,Hip,Out,Subscribers Only
Jaxson Ford,Sam Houston,F,Undisclosed,Out For Season,Subscribers Only
Dominique Ford,San Diego,G,Undisclosed,Game Time Decision,Subscribers Only
Zac Foster,Clemson,G,Knee,Out For Season,Subscribers Only
Austin Foxwell,Portland,G,Not Injury Related,Out For Season,Subscribers Only
Owen Foxwell,Louisiana State,G,Not Injury Related,Out For Season,Subscribers Only
Major Freeman,UNC-Charlotte,G,Undisclosed,Out,Subscribers Only
Daniel Freitag,Buffalo,G,Undisclosed,Out,Subscribers Only
Timo George,Portland,F,Shoulder,Out For Season,Subscribers Only
Gvidas Gicevicius,Florida International,F,Undisclosed,Out For Season,Subscribers Only
Kaleb Glenn,Michigan State,F,Knee,Out For Season,Subscribers Only
David Gomez,UNC-Charlotte,F,Undisclosed,Out,Subscribers Only
Kristian Gonzalez,Idaho,G,Undisclosed,Out,Subscribers Only
Jaden Goodall,San Jose State,F,Undisclosed,Out,Subscribers Only
Pasha Goodarzi,San Jose State,G,Undisclosed,Out,Subscribers Only
Tasman Goodrick,Siena,F,Knee,Out For Season,Subscribers Only
D'Arrae Goodwin,San Diego,F,Undisclosed,Game Time Decision,Subscribers Only
King Grace,Mississippi State,G,Foot,Game Time Decision,Subscribers Only
De'Ante Green,South Florida,F,Achilles,Out For Season,Subscribers Only
Zyair Greene,Indiana State,G,Undisclosed,Game Time Decision,Subscribers Only
Reggie Grodin,Penn State,G,Redshirt,Out For Season,Subscribers Only
Josue Grullon,La Salle,G,Undisclosed,Game Time Decision,Subscribers Only
Donald Hand,Boston College,G,Knee,Game Time Decision,Subscribers Only
JaVaughn Hannah,San Jose State,G,Calf,Out,Subscribers Only
Amani Hansberry,Virginia Tech,F,Undisclosed,Game Time Decision,Subscribers Only
Ashton Hardaway,Memphis,F,Calf,Out,Subscribers Only
Jaylen Harrell,Providence,G,Knee,Game Time Decision,Subscribers Only
Elzie Harrington,San Diego State,G,Lower Leg,Out,Subscribers Only
Jared Harris,Wyoming,G,Toe,Out,Subscribers Only
Dominick Harris,Loyola-Chicago,G,Undisclosed,Out,Subscribers Only
Josiah Harris,Cleveland State,F,Concussion,Game Time Decision,Subscribers Only
Josh Harris,Indiana,F,Foot,Out,Subscribers Only
DeShawn Harris-Smith,Georgetown,G,Personal,Out For Season,Subscribers Only
Carlos Hart,Eastern Michigan,G,Suspension,Out,Subscribers Only
Braydon Hawthorne,Kentucky,F,Redshirt,Out For Season,Subscribers Only
Jalen Haynes,Cincinnati,F,Knee,Out For Season,Subscribers Only
Miles Heide,San Diego State,F,Wrist,Out,Subscribers Only
Myles Herro,Ohio State,G,Redshirt,Out For Season,Subscribers Only
Fatt Hill,George Mason,G,Ankle,Game Time Decision,Subscribers Only
CJ Hines,Temple,G,Not Injury Related,Out,Subscribers Only
Dallas Hobbs,Rice,G,Undisclosed,Game Time Decision,Subscribers Only
Matthew Hodge,Villanova,F,Knee,Out For Season,Subscribers Only
Adante' Holiman,Arizona State,G,Elbow,Out For Season,Subscribers Only
LaTrell Hoover,Texas Tech,F,Redshirt,Out For Season,Subscribers Only
Kymany Houinsou,Loyola-Chicago,G,Undisclosed,Out,Subscribers Only
Tyler Houser,Delaware,C,Undisclosed,Out For Season,Subscribers Only
Jax Howard,Middle Tennessee St.,G,Undisclosed,Out,Subscribers Only
Aaron Hunkin-Claytor,Hawaii,G,Toe,Out For Season,Subscribers Only
Keiveon Hunt,Jackson State,G,Knee,Out For Season,Subscribers Only
Joe Hurlburt,Davidson,C,Undisclosed,Game Time Decision,Subscribers Only
Jovan Icitovic,Arizona State,F,Redshirt,Out For Season,Subscribers Only
Moek Icke,Rhode Island,C,Redshirt,Out For Season,Subscribers Only
Andre Iguodala II,Baylor,G,Redshirt,Out For Season,Subscribers Only
Mobi Ikegwuruka,Kansas State,G,Personal,Game Time Decision,Subscribers Only
Sam Imade,Air Force,F,Undisclosed,Game Time Decision,Subscribers Only
Evan Ipsaro,Miami (OH),G,Knee,Out For Season,Subscribers Only
Dishon Jackson,Pittsburgh,C,Undisclosed,Out For Season,Subscribers Only
Jalen Jackson,Butler,G,Ankle,Out For Season,Subscribers Only
Bryce Jackson,Houston,G,Redshirt,Out For Season,Subscribers Only
Jason Jakstys,Illinois,C,Shoulder,Out For Season,Subscribers Only
Ugnius Jarusevicius,Nebraska,F,Back,Out,Subscribers Only
Kordel Jefferson,Houston,G,Knee,Out For Season,Subscribers Only
Will Jeffress,Louisiana Tech,F,Knee,Out For Season,Subscribers Only
Troy Jenkins,Fresno State,G,Undisclosed,Game Time Decision,Subscribers Only
Robert Jennings,Oklahoma State,F,Hip,Out For Season,Subscribers Only
London Johnson,Louisville,G,Redshirt,Out For Season,Subscribers Only
Koren Johnson,Mississippi,G,Undisclosed,Game Time Decision,Subscribers Only
Ty-Laur Johnson,San Diego,G,Not Injury Related,Out,Subscribers Only
Dorian Jones,Rutgers,G,Redshirt,Out For Season,Subscribers Only
Tajae Jones,Siena,F,Back,Out,Subscribers Only
Sin'Cere Jones,Virginia Tech,F,Foot,Out For Season,Subscribers Only
Sean Jones,Marquette,G,Toe,Out For Season,Subscribers Only
Sir Marius Jones,New Mexico,G,Redshirt,Out For Season,Subscribers Only
Tanner Jones,Central Florida,G,Undisclosed,Out,Subscribers Only
Papa Amadou Kante,Pittsburgh,F,Knee,Out For Season,Subscribers Only
Bouna Kebe,Delaware,F,Undisclosed,Out,Subscribers Only
Jamyron Keller,Louisiana-Lafayette,G,Foot,Out For Season,Subscribers Only
Mikey Kelvin,Florida International,F,Undisclosed,Out For Season,Subscribers Only
Franck Kepnang,Washington,C,Leg,Game Time Decision,Subscribers Only
George Kimble,Vanderbilt,G,Knee,Out For Season,Subscribers Only
Amarr Knox,Eastern Kentucky,G,Not Injury Related,Out,Subscribers Only
Brody Kozlowski,BYU,F,Redshirt,Out For Season,Subscribers Only
Amar Kuljuhovic,Missouri State,F,Undisclosed,Game Time Decision,Subscribers Only
Trevion LaBeaux,East Carolina,G,Lower Body,Out For Season,Subscribers Only
Gabriel Landeira,Georgetown,G,Undisclosed,Out,Subscribers Only
Colt Langdon,North Carolina State,F,Undisclosed,Out,Subscribers Only
Peyton Law,South Alabama,F,Knee,Out,Subscribers Only
Preston Lee,Portland,G,Shoulder,Out For Season,Subscribers Only
KJ Lewis,Georgetown,G,Ankle,Out For Season,Subscribers Only
Chas Lewless,West Georgia,G,Arm,Game Time Decision,Subscribers Only
Ricky Liburd,Michigan,F,Redshirt,Out For Season,Subscribers Only
NaVaughn Long,Portland,G,Hand,Out For Season,Subscribers Only
Max Lorenson,Minnesota,G,Redshirt,Out For Season,Subscribers Only
Jeremy Lorenz,DePaul,F,Hip,Out,Subscribers Only
Chuck Love,Loyola-Chicago,G,Undisclosed,Out,Subscribers Only
Jaland Lowe,Kentucky,G,Shoulder,Out For Season,Subscribers Only
CJ Luster,UNC-Wilmington,G,Undisclosed,Out For Season,Subscribers Only
Treyvon Maddox,Miami,F,Undisclosed,Out,Subscribers Only
JJ Mandaquit,Washington,G,Foot,Out For Season,Subscribers Only
Jon Mani,Colorado,G,Redshirt,Out For Season,Subscribers Only
Evan Manjikian,UCLA,F,Undisclosed,Out,Subscribers Only
Isaiah Manning,Sam Houston,F,Undisclosed,Out For Season,Subscribers Only
Amar'e Marshall,St. Bonaventure,G,Foot,Out,Subscribers Only
Jaeden Marshall,La Salle,G,Leg,Game Time Decision,Subscribers Only
Jackson McAndrew,Creighton,F,Foot,Out For Season,Subscribers Only
Liam McChesney,Creighton,F,Undisclosed,Out,Subscribers Only
Nic McClain,Belmont,G,Knee,Out For Season,Subscribers Only
Will McClendon,North Texas,G,Leg,Out For Season,Subscribers Only
Peyton McCollum,Iowa,G,Foot,Out For Season,Subscribers Only
Quentin McCoy,Arizona State,G,Redshirt,Out For Season,Subscribers Only
Bryson McGlothin,Richmond,F,Undisclosed,Out,Subscribers Only
Jaron McKie,Dayton,G,Shoulder,Out For Season,Subscribers Only
Isaiah Medina,DePaul,F,Redshirt,Out For Season,Subscribers Only
Mackenzie Mgbako,Texas A&M,F,Foot,Out For Season,Subscribers Only
Ian Miletic,Marquette,F,Redshirt,Out For Season,Subscribers Only
Robert Miller,Louisiana State,F,Undisclosed,Out,Subscribers Only
Tibor Mirtic,Penn State,F,Knee,Game Time Decision,Subscribers Only
Justin Moore,Loyola-Chicago,G,Undisclosed,Out,Subscribers Only
Will Mortimore,College of Charleston,F,Concussion,Out,Subscribers Only
Yaphet Moundi,San Jose State,F,Foot,Out,Subscribers Only
Neiko Mundey,Texas A&M,G,Redshirt,Out For Season,Subscribers Only
KeShawn Murphy,Auburn,F,Pro Draft Prep,Out For Season,Subscribers Only
Luke Naser,Xavier,G,Undisclosed,Game Time Decision,Subscribers Only
Cheikh Ndiaye,Sam Houston,F,Arm,Out For Season,Subscribers Only
Dayan Nessah,Cleveland State,F,Shoulder,Game Time Decision,Subscribers Only
Ndewedo Newbury,San Francisco,F,Leg,Out,Subscribers Only
Nathan Nguyen,Sam Houston,G,Undisclosed,Out For Season,Subscribers Only
Amarion Nimmers,Florida International,G,Undisclosed,Out For Season,Subscribers Only
Christian Nitu,Washington,F,Redshirt,Out For Season,Subscribers Only
Mo Njie,Texas-San Antonio,C,Finger,Game Time Decision,Subscribers Only
Kebba Njie,Notre Dame,F,Knee,Game Time Decision,Subscribers Only
Gehrig Normand,Santa Clara,G,Undisclosed,Out,Subscribers Only
Austin Nunez,Texas-San Antonio,G,Ankle,Game Time Decision,Subscribers Only
Chris Nwuli,Rutgers,F,Undisclosed,Out,Subscribers Only
Brayden O'Connor,George Mason,G,Foot,Out For Season,Subscribers Only
Jacob Ognacevic,Washington,F,Foot,Game Time Decision,Subscribers Only
Frank Oguche,UNC-Charlotte,G,Undisclosed,Out,Subscribers Only
Obinnaya Okafor,VCU,F,Undisclosed,Out,Subscribers Only
Chisom Okpara,Stanford,F,Lower Body,Out For Season,Subscribers Only
Brandon Oloumou,Middle Tennessee St.,C,Undisclosed,Out,Subscribers Only
Adam Olsen,South Alabama,F,Lower Leg,Out,Subscribers Only
BJ Omot,Minnesota,F,Leg,Out For Season,Subscribers Only
Collins Onyejiaka,Alabama,C,Undisclosed,Out,Subscribers Only
Emeka Opurum,Auburn,C,Undisclosed,Out For Season,Subscribers Only
Xavier Osceola,Florida State,G,Hip,Game Time Decision,Subscribers Only
Abraham Oyeadier,West Virginia,C,Undisclosed,Out For Season,Subscribers Only
Arrinten Page,Northwestern,F,Illness,Game Time Decision,Subscribers Only
Riley Parker,Portland,G,Foot,Out For Season,Subscribers Only
Rakease Passmore,Maryland,G,Achilles,Game Time Decision,Subscribers Only
Jacob Patrick,Utah,G,Undisclosed,Out,Subscribers Only
Kallai Patton,New Mexico,G,Redshirt,Out For Season,Subscribers Only
Pharrel Payne,Maryland,C,Leg,Game Time Decision,Subscribers Only
Sheek Pearson,Marquette,F,Redshirt,Out For Season,Subscribers Only
Maikcol Perez,Baylor,F,Knee,Out For Season,Subscribers Only
KJ Perry,BYU,G,Redshirt,Out For Season,Subscribers Only
Javon Perry,Rhode Island,F,Redshirt,Out For Season,Subscribers Only
Shamarius Peterkin,Virginia Tech,G,Undisclosed,Game Time Decision,Subscribers Only
Clash Peters,Georgia State,F,Personal,Out,Subscribers Only
Rytis Petraitis,California,F,Lower Leg,Out For Season,Subscribers Only
Nick Petronio,Boston College,G,Undisclosed,Game Time Decision,Subscribers Only
Ryan Pettis,Fordham,G,Concussion,Out,Subscribers Only
Cade Phillips,Tennessee,F,Shoulder,Out For Season,Subscribers Only
Nate Pickens,BYU,G,Undisclosed,Out For Season,Subscribers Only
Caden Pierce,Purdue,F,Redshirt,Out For Season,Subscribers Only
Lance Piper,Delaware,G,Upper Leg,Out,Subscribers Only
Casper Pohto,St. John's,G,Hip,Out For Season,Subscribers Only
Kash Polk,Arizona State,F,Redshirt,Out For Season,Subscribers Only
Reece Potter,Kentucky,F,Redshirt,Out For Season,Subscribers Only
Aaron Powell,Rice,G,Undisclosed,Out For Season,Subscribers Only
Gabriel Pozzato,Xavier,F,Knee,Game Time Decision,Subscribers Only
Devon Pryor,Oregon,F,Groin,Out,Subscribers Only
Daithi Quinn,East Carolina,G,Knee,Out For Season,Subscribers Only
Tyrus Rathan-Mayes,Wichita State,G,Redshirt,Out For Season,Subscribers Only
Jordan Rayford,Indiana,G,Undisclosed,Out For Season,Subscribers Only
Jalen Reed,Louisiana State,F,Achilles,Out For Season,Subscribers Only
Caleb Reese,Loyola-Chicago,G,Undisclosed,Out,Subscribers Only
Cavan Reilly,Delaware,G,Hamstring,Out,Subscribers Only
Jasir Rencher,Washington,F,Undisclosed,Out For Season,Subscribers Only
Lawson Rice,Western Kentucky,G,Knee,Out For Season,Subscribers Only
Rodney Rice,USC,G,Shoulder,Out For Season,Subscribers Only
Myles Rice,Maryland,G,Undisclosed,Game Time Decision,Subscribers Only
Macaleab Rich,Texas-San Antonio,F,Groin,Out For Season,Subscribers Only
Dominik Robinson,Washington State,F,Redshirt,Game Time Decision,Subscribers Only
Azavier Robinson,Butler,G,Wrist,Out For Season,Subscribers Only
Jackson Rogers,Sam Houston,G,Undisclosed,Out For Season,Subscribers Only
Ben Roseborough,San Jose State,G,Undisclosed,Out,Subscribers Only
Jalen Rougier-Roane,George Washington,G,Undisclosed,Out For Season,Subscribers Only
Jovani Ruff,California,G,Redshirt,Out For Season,Subscribers Only
Daeshun Ruffin,Jackson State,G,Leg,Out,Subscribers Only
Dame Salane,Arizona State,C,Redshirt,Out For Season,Subscribers Only
Zion Sampaio,Florida Atlantic,G,Undisclosed,Out For Season,Subscribers Only
Jorge Santos,Florida International,F,Undisclosed,Out For Season,Subscribers Only
Richie Saunders,BYU,F,Knee,Out For Season,Subscribers Only
Owen Schlager,Siena,G,Ribs,Out,Subscribers Only
Jason Schofield,Marist,F,Knee,Out,Subscribers Only
Jaquan Scott,Arkansas-Pine Bluff,F,Transfer Portal,Out,Subscribers Only
Cam Scott,South Carolina,G,Redshirt,Out For Season,Subscribers Only
Bryant Selebangue,Western Kentucky,F,Achilles,Out For Season,Subscribers Only
Louie Semona,Western Kentucky,F,Back,Out,Subscribers Only
Camian Shell,Delaware State,G,Not Injury Related,Out,Subscribers Only
Jalen Shelley,Loyola Marymount,F,Undisclosed,Game Time Decision,Subscribers Only
Jackson Shelstad,Oregon,G,Hand,Out For Season,Subscribers Only
Grant Smith,East Carolina,F,Undisclosed,Out For Season,Subscribers Only
AJ Smith,Temple,G,Shoulder,Out For Season,Subscribers Only
Lukas Sotell,Maryland,G,Undisclosed,Game Time Decision,Subscribers Only
Mouhamed Sow,Rhode Island,F,Leg,Out For Season,Subscribers Only
Mayo Soyoye,Baylor,C,Redshirt,Out For Season,Subscribers Only
Pierce Spencer,Texas-San Antonio,G,Shoulder,Out For Season,Subscribers Only
Chance Stephens,Minnesota,G,Illness,Out,Subscribers Only
DJ Stickman,Fresno State,G,Knee,Game Time Decision,Subscribers Only
Jake Stout,Maryland-Baltimore County,G,Undisclosed,Out,Subscribers Only
Patrick Suemnick,Seton Hall,F,Shoulder,Game Time Decision,Subscribers Only
Imran Suljanovic,St. John's,F,Knee,Out For Season,Subscribers Only
AJ Swinton,Florida State,F,Knee,Out For Season,Subscribers Only
Mouhamed Sylla,Georgia Tech,C,Ankle,Game Time Decision,Subscribers Only
Chris Tadjo,Santa Clara,F,Knee,Out For Season,Subscribers Only
Dedan Thomas,Louisiana State,G,Foot,Out For Season,Subscribers Only
Dyllan Thompson,Georgia Tech,F,Undisclosed,Game Time Decision,Subscribers Only
JT Toppin,Texas Tech,F,Knee,Out For Season,Subscribers Only
Brendan Tousignaut,Kennesaw State,G,Undisclosed,Out For Season,Subscribers Only
Josh Townley-Thomas,Creighton,F,Foot,Out,Subscribers Only
Mady Traore,Washington,F,Foot,Out For Season,Subscribers Only
David Tubek,UTEP,F,Calf,Out,Subscribers Only
Bryson Tucker,Washington,F,Personal,Game Time Decision,Subscribers Only
Connor Turnbull,Evansville,F,Undisclosed,Game Time Decision,Subscribers Only
Ifeanyi Ufochukwu,Duke,C,Knee,Out For Season,Subscribers Only
Emmanuel Ugbo,Washington State,F,Suspension,Game Time Decision,Subscribers Only
Divine Ugochukwu,Michigan State,G,Foot,Out For Season,Subscribers Only
Robert Vaihola,Minnesota,C,Knee,Out For Season,Subscribers Only
Jaret Valencia,Wichita State,F,Achilles,Out For Season,Subscribers Only
Leonardo Van Elswyk,Colorado,C,Redshirt,Out For Season,Subscribers Only
Damarion Vann-Kelly,Pacific,G,Not Injury Related,Out For Season,Subscribers Only
Devin Vanterpool,Florida Atlantic,G,Ankle,Game Time Decision,Subscribers Only
KJ Vasser,Appalachian State,G,Foot,Out For Season,Subscribers Only
Jordan Vick,Jacksonville State,G,Undisclosed,Out,Subscribers Only
Bencao Vungo,Jacksonville State,F,Undisclosed,Out,Subscribers Only
Nash Walker,Marquette,G,Redshirt,Out For Season,Subscribers Only
Vijay Wallace,Arizona State,G,Ankle,Out For Season,Subscribers Only
Reggie Ward,Bethune-Cookman,F,Undisclosed,Out For Season,Subscribers Only
Gevonte Ware,Rutgers,C,Undisclosed,Game Time Decision,Subscribers Only
Tyreese Watson,UTEP,G,Knee,Out For Season,Subscribers Only
Xander Wedlow,St. Bonaventure,F,Knee,Out,Subscribers Only
Carter Welling,Clemson,F,Knee,Out For Season,Subscribers Only
Zamoku Weluche-Ume,North Carolina A&T,F,Transfer Portal,Out,Subscribers Only
Brandon Weston,Tennessee State,G,Undisclosed,Out,Subscribers Only
Kason Westphal,Xavier,C,Redshirt,Game Time Decision,Subscribers Only
Jack Whitbourn,Fordham,C,Back,Out,Subscribers Only
JJ White,Baylor,G,Foot,Game Time Decision,Subscribers Only
James White,New Orleans,G,Transfer Portal,Out,Subscribers Only
Sebastian Wilkins,Duke,F,Redshirt,Out For Season,Subscribers Only
Mason Williams,Iowa State,G,Hip,Out For Season,Subscribers Only
A'Meir Williams,Louisiana Tech,F,Undisclosed,Out For Season,Subscribers Only
Chansey Willis,Minnesota,G,Ankle,Out For Season,Subscribers Only
Caleb Wilson,North Carolina,F,Thumb,Out For Season,Subscribers Only
Piotr Winkowski,San Diego,C,Undisclosed,Game Time Decision,Subscribers Only
Christian Wise,San Jose State,F,Undisclosed,Out,Subscribers Only
Michael Wolf,Xavier,G,Undisclosed,Game Time Decision,Subscribers Only
Aaron Womack,Syracuse,G,Redshirt,Out For Season,Subscribers Only
Jayshayne Woodard,East Carolina,G,Ankle,Out For Season,Subscribers Only
Savon Wykle,Middle Tennessee St.,F,Undisclosed,Out,Subscribers Only
Kase Wynott,Washington State,G,Hip,Game Time Decision,Subscribers Only
Abu Yarmah,South Carolina,G,Redshirt,Out For Season,Subscribers Only
Doug Young,Prairie View,G,Undisclosed,Out,Subscribers Only
Nathan Zulemie,Fresno State,G,Knee,Out For Season,Subscribers Only
L.J. Cason,Michigan,G,Knee,Out For Season,Subscribers Only
Casey Jones,Washington State,F,Redshirt,Out For Season,Subscribers Only